RV,gene,protein_sequence,genome_sequence
Rv1305,atpE,MDPTIAAGALIGGGLIMAGGAIGAGIGDGVAGNALISGVARQPEAQGRLFTPFFITVGLVEAAYFINLAFMALFVFATPVK,atggaccccactatcgctgccggcgccctcatcggcggtggactgatcatggccggtggcgccatcggcgccggtatcggtgacggtgtcgccggtaacgcgcttatctccggtgtcgcccggcaacccgaggcgcaagggcggctgttcacaccgttcttcatcaccgtcggtttggttgaggcggcatacttcatcaacctggcgtttatggcgctgttcgtcttcgctacacccgtcaagtaa
Rv3919c,gid,MSPIEPAASAIFGPRLGLARRYAEALAGPGVERGLVGPREVGRLWDRHLLNCAVIGELLERGDRVVDIGSGAGLPGVPLAIARPDLQVVLLEPLLRRTEFLREMVTDLGVAVEIVRGRAEESWVQDQLGGSDAAVSRAVAALDKLTKWSMPLIRPNGRMLAIKGERAHDEVREHRRVMIASGAVDVRVVTCGANYLRPPATVVFARRGKQIARGSARMASGGTA,atgtctccgatcgagcccgcggcgtctgcgatcttcggaccgcggcttggccttgctcggcggtacgccgaagcgttggcgggacccggtgtggagcgggggctggtgggaccccgcgaagtcggtaggctatgggaccggcatctactgaactgcgccgtgatcggtgagctcctcgaacgcggtgaccgggtcgtggatatcggtagcggagccgggttgccgggcgtgccattggcgatagcgcggccggacctccaggtagttctcctagaaccgctactgcgccgcaccgagtttcttcgagagatggtgacagatctgggcgtggccgttgagatcgtgcgggggcgcgccgaggagtcctgggtgcaggaccaattgggcggcagcgacgctgcggtgtcacgggcggtggccgcgttggacaagttgacgaaatggagcatgccgttgatacggccgaacgggcgaatgctcgccatcaaaggcgagcgggctcacgacgaagtacgggagcaccggcgtgtgatgatcgcatcgggcgcggttgatgtcagggtggtgacatgtggcgcgaactatttgcgtccgcccgcgaccgtggtgttcgcacgacgtggaaagcagatcgcccgagggtcggcacggatggcgagtggagggacggcgtga
Rv0682,rpsL,MPTIQQLVRKGRRDKISKVKTAALKGSPQRRGVCTRVYTTTPKKPNSALRKVARVKLTSQVEVTAYIPGEGHNLQEHSMVLVRGGRVKDLPGVRYKIIRGSLDTQGVKNRKQARSRYGAKKEKG,atgccaaccatccagcagctggtccgcaagggtcgtcgggacaagatcagtaaggtcaagaccgcggctctgaagggcagcccgcagcgtcgtggtgtatgcacccgcgtgtacaccaccactccgaagaagccgaactcggcgcttcggaaggttgcccgcgtgaagttgacgagtcaggtcgaggtcacggcgtacattcccggcgagggccacaacctgcaggagcactcgatggtgctggtgcgcggcggccgggtgaaggacctgcctggtgtgcgctacaagatcatccgcggttcgctggatacgcagggtgtcaagaaccgcaaacaggcacgcagccgttacggcgctaagaaggagaagggctga
Rv0701,rplC,MARKGILGTKLGMTQVFDESNRVVPVTVVKAGPNVVTRIRTPERDGYSAVQLAYGEISPRKVNKPLTGQYTAAGVNPRRYLAELRLDDSDAATEYQVGQELTAEIFADGSYVDVTGTSKGKGFAGTMKRHGFRGQGASHGAQAVHRRPGSIGGCATPARVFKGTRMAGRMGNDRVTVLNLLVHKVDAENGVLLIKGAVPGRTGGLVMVRSAIKRGEK,atggcacgaaagggcattctcggtaccaagctgggtatgacgcaggtattcgacgaaagcaacagagtagtaccggtgaccgtggtcaaggccgggcccaacgtggtaacccgcatccgcacgcccgaacgcgacggttatagcgccgtgcagctggcctatggcgagatcagcccacgcaaggtcaacaagccgctgacaggtcagtacaccgccgccggcgtcaacccacgccgatacctggcggagctgcggctggacgactcggatgccgcgaccgagtaccaggttgggcaagagttgaccgcggagatcttcgccgatggcagctacgtcgatgtgacgggtacctccaagggcaaaggtttcgccggcaccatgaagcggcacggcttccgcggtcagggcgccagtcacggtgcccaggcggtgcaccgccgtccgggctccatcggcggatgtgccacgccggcgcgggtgttcaagggcacccggatggccgggcggatgggcaatgaccgggtgaccgttcttaaccttttggtgcataaggtcgatgccgagaacggcgtgctgctgatcaagggtgcggttcctggccgcaccggtggactggtcatggtccgcagtgcgatcaaacgaggtgagaagtga
Rv0667,rpoB,LADSRQSKTAASPSPSRPQSSSNNSVPGAPNRVSFAKLREPLEVPGLLDVQTDSFEWLIGSPRWRESAAERGDVNPVGGLEEVLYELSPIEDFSGSMSLSFSDPRFDDVKAPVDECKDKDMTYAAPLFVTAEFINNNTGEIKSQTVFMGDFPMMTEKGTFIINGTERVVVSQLVRSPGVYFDETIDKSTDKTLHSVKVIPSRGAWLEFDVDKRDTVGVRIDRKRRQPVTVLLKALGWTSEQIVERFGFSEIMRSTLEKDNTVGTDEALLDIYRKLRPGEPPTKESAQTLLENLFFKEKRYDLARVGRYKVNKKLGLHVGEPITSSTLTEEDVVATIEYLVRLHEGQTTMTVPGGVEVPVETDDIDHFGNRRLRTVGELIQNQIRVGMSRMERVVRERMTTQDVEAITPQTLINIRPVVAAIKEFFGTSQLSQFMDQNNPLSGLTHKRRLSALGPGGLSRERAGLEVRDVHPSHYGRMCPIETPEGPNIGLIGSLSVYARVNPFGFIETPYRKVVDGVVSDEIVYLTADEEDRHVVAQANSPIDADGRFVEPRVLVRRKAGEVEYVPSSEVDYMDVSPRQMVSVATAMIPFLEHDDANRALMGANMQRQAVPLVRSEAPLVGTGMELRAAIDAGDVVVAEESGVIEEVSADYITVMHDNGTRRTYRMRKFARSNHGTCANQCPIVDAGDRVEAGQVIADGPCTDDGEMALGKNLLVAIMPWEGHNYEDAIILSNRLVEEDVLTSIHIEEHEIDARDTKLGAEEITRDIPNISDEVLADLDERGIVRIGAEVRDGDILVGKVTPKGETELTPEERLLRAIFGEKAREVRDTSLKVPHGESGKVIGIRVFSREDEDELPAGVNELVRVYVAQKRKISDGDKLAGRHGNKGVIGKILPVEDMPFLADGTPVDIILNTHGVPRRMNIGQILETHLGWCAHSGWKVDAAKGVPDWAARLPDELLEAQPNAIVSTPVFDGAQEAELQGLLSCTLPNRDGDVLVDADGKAMLFDGRSGEPFPYPVTVGYMYIMKLHHLVDDKIHARSTGPYSMITQQPLGGKAQFGGQRFGEMECWAMQAYGAAYTLQELLTIKSDDTVGRVKVYEAIVKGENIPEPGIPESFKVLLKELQSLCLNVEVLSSDGAAIELREGEDEDLERAAANLGINLSRNESASVEDLA,ttggcagattcccgccagagcaaaacagccgctagtcctagtccgagtcgcccgcaaagttcctcgaataactccgtacccggagcgccaaaccgggtctccttcgctaagctgcgcgaaccacttgaggttccgggactccttgacgtccagaccgattcgttcgagtggctgatcggttcgccgcgctggcgcgaatccgccgccgagcggggtgatgtcaacccagtgggtggcctggaagaggtgctctacgagctgtctccgatcgaggacttctccgggtcgatgtcgttgtcgttctctgaccctcgtttcgacgatgtcaaggcacccgtcgacgagtgcaaagacaaggacatgacgtacgcggctccactgttcgtcaccgccgagttcatcaacaacaacaccggtgagatcaagagtcagacggtgttcatgggtgacttcccgatgatgaccgagaagggcacgttcatcatcaacgggaccgagcgtgtggtggtcagccagctggtgcggtcgcccggggtgtacttcgacgagaccattgacaagtccaccgacaagacgctgcacagcgtcaaggtgatcccgagccgcggcgcgtggctcgagtttgacgtcgacaagcgcgacaccgtcggcgtgcgcatcgaccgcaaacgccggcaaccggtcaccgtgctgctcaaggcgctgggctggaccagcgagcagattgtcgagcggttcgggttctccgagatcatgcgatcgacgctggagaaggacaacaccgtcggcaccgacgaggcgctgttggacatctaccgcaagctgcgtccgggcgagcccccgaccaaagagtcagcgcagacgctgttggaaaacttgttcttcaaggagaagcgctacgacctggcccgcgtcggtcgctataaggtcaacaagaagctcgggctgcatgtcggcgagcccatcacgtcgtcgacgctgaccgaagaagacgtcgtggccaccatcgaatatctggtccgcttgcacgagggtcagaccacgatgaccgttccgggcggcgtcgaggtgccggtggaaaccgacgacatcgaccacttcggcaaccgccgcctgcgtacggtcggcgagctgatccaaaaccagatccgggtcggcatgtcgcggatggagcgggtggtccgggagcggatgaccacccaggacgtggaggcgatcacaccgcagacgttgatcaacatccggccggtggtcgccgcgatcaaggagttcttcggcaccagccagctgagccaattcatggaccagaacaacccgctgtcggggttgacccacaagcgccgactgtcggcgctggggcccggcggtctgtcacgtgagcgtgccgggctggaggtccgcgacgtgcacccgtcgcactacggccggatgtgcccgatcgaaacccctgaggggcccaacatcggtctgatcggctcgctgtcggtgtacgcgcgggtcaacccgttcgggttcatcgaaacgccgtaccgcaaggtggtcgacggcgtggttagcgacgagatcgtgtacctgaccgccgacgaggaggaccgccacgtggtggcacaggccaattcgccgatcgatgcggacggtcgcttcgtcgagccgcgcgtgctggtccgccgcaaggcgggcgaggtggagtacgtgccctcgtctgaggtggactacatggacgtctcgccccgccagatggtgtcggtggccaccgcgatgattcccttcctggagcacgacgacgccaaccgtgccctcatgggggcaaacatgcagcgccaggcggtgccgctggtccgtagcgaggccccgctggtgggcaccgggatggagctgcgcgcggcgatcgacgccggcgacgtcgtcgtcgccgaagaaagcggcgtcatcgaggaggtgtcggccgactacatcactgtgatgcacgacaacggcacccggcgtacctaccggatgcgcaagtttgcccggtccaaccacggcacttgcgccaaccagtgccccatcgtggacgcgggcgaccgagtcgaggccggtcaggtgatcgccgacggtccctgtactgacgacggcgagatggcgctgggcaagaacctgctggtggccatcatgccgtgggagggccacaactacgaggacgcgatcatcctgtccaaccgcctggtcgaagaggacgtgctcacctcgatccacatcgaggagcatgagatcgatgctcgcgacaccaagctgggtgcggaggagatcacccgcgacatcccgaacatctccgacgaggtgctcgccgacctggatgagcggggcatcgtgcgcatcggtgccgaggttcgcgacggggacatcctggtcggcaaggtcaccccgaagggtgagaccgagctgacgccggaggagcggctgctgcgtgccatcttcggtgagaaggcccgcgaggtgcgcgacacttcgctgaaggtgccgcacggcgaatccggcaaggtgatcggcattcgggtgttttcccgcgaggacgaggacgagttgccggccggtgtcaacgagctggtgcgtgtgtatgtggctcagaaacgcaagatctccgacggtgacaagctggccggccggcacggcaacaagggcgtgatcggcaagatcctgccggttgaggacatgccgttccttgccgacggcaccccggtggacattattttgaacacccacggcgtgccgcgacggatgaacatcggccagattttggagacccacctgggttggtgtgcccacagcggctggaaggtcgacgccgccaagggggttccggactgggccgccaggctgcccgacgaactgctcgaggcgcagccgaacgccattgtgtcgacgccggtgttcgacggcgcccaggaggccgagctgcagggcctgttgtcgtgcacgctgcccaaccgcgacggtgacgtgctggtcgacgccgacggcaaggccatgctcttcgacgggcgcagcggcgagccgttcccgtacccggtcacggttggctacatgtacatcatgaagctgcaccacctggtggacgacaagatccacgcccgctccaccgggccgtactcgatgatcacccagcagccgctgggcggtaaggcgcagttcggtggccagcggttcggggagatggagtgctgggccatgcaggcctacggtgctgcctacaccctgcaggagctgttgaccatcaagtccgatgacaccgtcggccgcgtcaaggtgtacgaggcgatcgtcaagggtgagaacatcccggagccgggcatccccgagtcgttcaaggtgctgctcaaagaactgcagtcgctgtgcctcaacgtcgaggtgctatcgagtgacggtgcggcgatcgaactgcgcgaaggtgaggacgaggacctggagcgggccgcggccaacctgggaatcaatctgtcccgcaacgaatccgcaagtgtcgaggatcttgcgtaa
Rv2043c,pncA,MRALIIVDVQNDFCEGGSLAVTGGAALARAISDYLAEAADYHHVVATKDFHIDPGDHFSGTPDYSSSWPPHCVSGTPGADFHPSLDTSAIEAVFYKGAYTGAYSGFEGVDENGTPLLNWLRQRGVDEVDVVGIATDHCVRQTAEDAVRNGLATRVLVDLTAGVSADTTVAALEEMRTASVELVCSS,atgcgggcgttgatcatcgtcgacgtgcagaacgacttctgcgagggtggctcgctggcggtaaccggtggcgccgcgctggcccgcgccatcagcgactacctggccgaagcggcggactaccatcacgtcgtggcaaccaaggacttccacatcgacccgggtgaccacttctccggcacaccggactattcctcgtcgtggccaccgcattgcgtcagcggtactcccggcgcggacttccatcccagtctggacacgtcggcaatcgaggcggtgttctacaagggtgcctacaccggagcgtacagcggcttcgaaggagtcgacgagaacggcacgccactgctgaattggctgcggcaacgcggcgtcgatgaggtcgatgtggtcggtattgccaccgatcattgtgtgcgccagacggccgaggacgcggtacgcaatggcttggccaccagggtgctggtggacctgacagcgggtgtgtcggccgataccaccgtcgccgcgctggaggagatgcgcaccgccagcgtcgagttggtttgcagctcctga
Rv1694,tlyA,VARRARVDAELVRRGLARSRQQAAELIGAGKVRIDGLPAVKPATAVSDTTALTVVTDSERAWVSRGAHKLVGALEAFAIAVAGRRCLDAGASTGGFTEVLLDRGAAHVVAADVGYGQLAWSLRNDPRVVVLERTNARGLTPEAIGGRVDLVVADLSFISLATVLPALVGCASRDADIVPLVKPQFEVGKGQVGPGGVVHDPQLRARSVLAVARRAQELGWHSVGVKASPLPGPSGNVEYFLWLRTQTDRALSAKGLEDAVHRAISEGP,gtggcacgacgtgcccgcgttgacgccgagctagtccggcggggcctggcgcgatcacgtcaacaggccgcggagttgatcggcgccggcaaggtgcgcatcgacgggctgccggcggtcaagccggccaccgccgtgtccgacaccaccgcgctgaccgtggtgaccgacagtgaacgcgcctgggtatcgcgcggagcgcacaaactagtcggtgcgctggaggcgttcgcgatcgcggtggcgggccggcgctgtctggacgcgggcgcatcgaccggtgggttcaccgaagtactgctggaccgtggtgccgcccacgtggtggccgccgatgtcggatacggccagctggcgtggtcgctgcgcaacgatcctcgggtggtggtcctcgagcggaccaacgcacgtggcctcacaccggaggcgatcggcggtcgcgtcgacctggtagtggccgacctgtcgttcatctcgttggctaccgtgttgcccgcgctggttggatgcgcttcgcgcgacgccgatatcgttccactggtgaagccgcagtttgaggtggggaaaggtcaggtcggccccggtggggtggtccatgacccgcagttgcgtgcgcggtcggtgctcgcggtcgcgcggcgggcacaggagctgggctggcacagcgtcggcgtcaaggccagcccgctgccgggcccatcgggcaatgtcgagtacttcctgtggttgcgcacgcagaccgaccgggcattgtcggccaagggattggaggatgcggtgcaccgtgcgattagcgagggcccgtag
Rv2416c,eis,VTVTLCSPTEDDWPGMFLLAAASFTDFIGPESATAWRTLVPTDGAVVVRDGAGPGSEVVGMALYMDLRLTVPGEVVLPTAGLSFVAVAPTHRRRGLLRAMCAELHRRIADSGYPVAALHASEGGIYGRFGYGPATTLHELTVDRRFARFHADAPGGGLGGSSVRLVRPTEHRGEFEAIYERWRQQVPGGLLRPQVLWDELLAECKAAPGGDRESFALLHPDGYALYRVDRTDLKLARVSELRAVTADAHCALWRALIGLDSMERISIITHPQDPLPHLLTDTRLARTTWRQDGLWLRIMNVPAALEARGYAHEVGEFSTVLEVSDGGRFALKIGDGRARCTPTDAAAEIEMDRDVLGSLYLGAHRASTLAAANRLRTKDSQLLRRLDAAFASDVPVQTAFEF,gtgactgtgaccctgtgtagcccgaccgaggacgactggccggggatgttcctactggccgcggccagtttcaccgatttcatcggccctgaatcagcgaccgcctggcggaccctggtgcccaccgacggagcggtggtggtccgcgatggtgccggcccgggttctgaggtggtcgggatggcgctgtacatggatctgcggttgacggtgcctggtgaagtggtgctcccgaccgccggtctcagtttcgtcgcggtggcgccgacgcatcgccggcgcggcttgctgcgcgcgatgtgcgccgaactgcaccgccgcatagccgattccggctatccggtcgcggcactgcatgctagcgagggcggcatctacggccggttcggctacgggcccgctaccaccttgcatgagctgacggtcgaccgacgcttcgcgcgctttcacgccgacgcaccgggcggcggcctaggtggcagcagcgtccggttggtcagacccaccgagcatcgcggcgagtttgaggcgatctacgagcgatggcgccagcaggtgccgggcgggctgctacgcccgcaggtgctctgggacgagctgctggcagaatgcaaagccgcgcccggtggagaccgtgaatcgttcgcgttactgcatcccgacgggtacgcgctgtaccgggtggatcgcaccgatctcaagctagcgcgcgtcagcgaactcagggcggtaaccgcagatgcgcattgtgcgttgtggcgggccctgattggcctcgactccatggagcgaatcagcatcatcacccatccacaggacccgttaccccacctgctcaccgatacccgactggcccgcactacctggcgccaggacggcctgtggttgcgcatcatgaacgtaccggccgcactcgaggcgcgtggttacgctcacgaagttggcgagttttccacggtcctcgaggtatccgatggcggccggttcgcgctcaagatcggtgacggccgtgcgcggtgtaccccgaccgatgcggcagccgagatcgaaatggatcgggacgtactgggcagcctttaccttggagcgcaccgcgcttcgacgttagccgccgctaaccggttgcgcaccaaagattcccagctgcttcgtcgactcgacgcggcgtttgccagtgatgttcccgtccagaccgcgttcgagttctga
Rv0407,fgd1,VAELKLGYKASAEQFAPRELVELAVAAEAHGMDSATVSDHFQPWRHQGGHAPFSLSWMTAVGERTNRLLLGTSVLTPTFRYNPAVIAQAFATMGCLYPNRVFLGVGTGEALNEIATGYEGAWPEFKERFARLRESVGLMRQLWSGDRVDFDGDYYRLKGASIYDVPDGGVPVYIAAGGPAVAKYAGRAGDGFICTSGKGEELYTEKLMPAVREGAAAADRSVDGIDKMIEIKISYDPDPELALNNTRFWAPLSLTAEQKHSIDDPIEMEKAADALPIEQIAKRWIVASDPDEAVEKVGQYVTWGLNHLVFHAPGHDQRRFLELFQSDLAPRLRRLG,gtggctgaactgaagctaggttacaaagcatcggccgaacaattcgcaccgcgcgagctcgtcgaactagccgtcgccgccgaagcccacggcatggacagcgcgaccgtcagcgaccattttcagccttggcgccaccagggcggccatgccccgttctcgctgtcctggatgaccgctgtcggcgaacgtaccaaccggctgctgctgggcacttcggtgctgacccccaccttccgctacaaccccgccgtcatcgctcaggctttcgccaccatgggatgcctgtacccgaaccgtgttttccttggcgtgggcaccggtgaggcgctgaacgaaatcgccaccggatacgagggcgcctggccggagttcaaggagcggttcgcccggctgcgtgaatcggtggggctaatgcggcagctgtggagcggtgaccgcgtcgactttgacggcgactattaccggctcaagggtgcctcgatctacgacgtgcccgacgggggcgtgcccgtctacatcgccgccggcggcccggcggtggccaagtacgccggccgcgccggtgacggcttcatctgtacgtccggcaagggcgaggagctctacaccgagaagctgatgccggcggtacgagaaggcgccgctgccgctgaccgatccgtcgacggcatcgacaagatgatcgaaatcaagatctcctacgaccccgacccggagctggcattgaacaacacccggttttgggcgccgctgtcgttgacagctgagcagaagcacagcatcgacgacccgatcgagatggagaaggccgccgatgcgctgccaatcgaacagatcgccaagcgctggatcgtggcgtcggaccccgacgaagccgtcgaaaaggtaggtcaatacgtgacatggggcctgaaccacctggtatttcacgcaccaggacatgaccagcgccggtttctggagctcttccagtcggacctggcacccaggttgcggcgacttggctga
Rv1908c,katG,VPEQHPPITETTTGAASNGCPVVGHMKYPVEGGGNQDWWPNRLNLKVLHQNPAVADPMGAAFDYAAEVATIDVDALTRDIEEVMTTSQPWWPADYGHYGPLFIRMAWHAAGTYRIHDGRGGAGGGMQRFAPLNSWPDNASLDKARRLLWPVKKKYGKKLSWADLIVFAGNCALESMGFKTFGFGFGRVDQWEPDEVYWGKEATWLGDERYSGKRDLENPLAAVQMGLIYVNPEGPNGNPDPMAAAVDIRETFRRMAMNDVETAALIVGGHTFGKTHGAGPADLVGPEPEAAPLEQMGLGWKSSYGTGTGKDAITSGIEVVWTNTPTKWDNSFLEILYGYEWELTKSPAGAWQYTAKDGAGAGTIPDPFGGPGRSPTMLATDLSLRVDPIYERITRRWLEHPEELADEFAKAWYKLIHRDMGPVARYLGPLVPKQTLLWQDPVPAVSHDLVGEAEIASLKSQIRASGLTVSQLVSTAWAAASSFRGSDKRGGANGGRIRLQPQVGWEVNDPDGDLRKVIRTLEEIQESFNSAAPGNIKVSFADLVVLGGCAAIEKAAKAAGHNITVPFTPGRTDASQEQTDVESFAVLEPKADGFRNYLGKGNPLPAEYMLLDKANLLTLSAPEMTVLVGGLRVLGANYKRLPLGVFTEASESLTNDFFVNLLDMGITWEPSPADDGTYQGKDGSGKVKWTGSRVDLVFGSNSELRALVEVYGADDAQPKFVQDFVAAWDKVMNLDRFDVR,gtgcccgagcaacacccacccattacagaaaccaccaccggagccgctagcaacggctgtcccgtcgtgggtcatatgaaataccccgtcgagggcggcggaaaccaggactggtggcccaaccggctcaatctgaaggtactgcaccaaaacccggccgtcgctgacccgatgggtgcggcgttcgactatgccgcggaggtcgcgaccatcgacgttgacgccctgacgcgggacatcgaggaagtgatgaccacctcgcagccgtggtggcccgccgactacggccactacgggccgctgtttatccggatggcgtggcacgctgccggcacctaccgcatccacgacggccgcggcggcgccgggggcggcatgcagcggttcgcgccgcttaacagctggcccgacaacgccagcttggacaaggcgcgccggctgctgtggccggtcaagaagaagtacggcaagaagctctcatgggcggacctgattgttttcgccggcaactgcgcgctggaatcgatgggcttcaagacgttcgggttcggcttcggccgggtcgaccagtgggagcccgatgaggtctattggggcaaggaagccacctggctcggcgatgagcgttacagcggtaagcgggatctggagaacccgctggccgcggtgcagatggggctgatctacgtgaacccggaggggccgaacggcaacccggaccccatggccgcggcggtcgacattcgcgagacgtttcggcgcatggccatgaacgacgtcgaaacagcggcgctgatcgtcggcggtcacactttcggtaagacccatggcgccggcccggccgatctggtcggccccgaacccgaggctgctccgctggagcagatgggcttgggctggaagagctcgtatggcaccggaaccggtaaggacgcgatcaccagcggcatcgaggtcgtatggacgaacaccccgacgaaatgggacaacagtttcctcgagatcctgtacggctacgagtgggagctgacgaagagccctgctggcgcttggcaatacaccgccaaggacggcgccggtgccggcaccatcccggacccgttcggcgggccagggcgctccccgacgatgctggccactgacctctcgctgcgggtggatccgatctatgagcggatcacgcgtcgctggctggaacaccccgaggaattggccgacgagttcgccaaggcctggtacaagctgatccaccgagacatgggtcccgttgcgagataccttgggccgctggtccccaagcagaccctgctgtggcaggatccggtccctgcggtcagccacgacctcgtcggcgaagccgagattgccagccttaagagccagatccgggcatcgggattgactgtctcacagctagtttcgaccgcatgggcggcggcgtcgtcgttccgtggtagcgacaagcgcggcggcgccaacggtggtcgcatccgcctgcagccacaagtcgggtgggaggtcaacgaccccgacggggatctgcgcaaggtcattcgcaccctggaagagatccaggagtcattcaactccgcggcgccggggaacatcaaagtgtccttcgccgacctcgtcgtgctcggtggctgtgccgccatagagaaagcagcaaaggcggctggccacaacatcacggtgcccttcaccccgggccgcacggatgcgtcgcaggaacaaaccgacgtggaatcctttgccgtgctggagcccaaggcagatggcttccgaaactacctcggaaagggcaacccgttgccggccgagtacatgctgctcgacaaggcgaacctgcttacgctcagtgcccctgagatgacggtgctggtaggtggcctgcgcgtcctcggcgcaaactacaagcgcttaccgctgggcgtgttcaccgaggcctccgagtcactgaccaacgacttcttcgtgaacctgctcgacatgggtatcacctgggagccctcgccagcagatgacgggacctaccagggcaaggatggcagtggcaaggtgaagtggaccggcagccgcgtggacctggtcttcgggtccaactcggagttgcgggcgcttgtcgaggtctatggcgccgatgacgcgcagccgaagttcgtgcaggacttcgtcgctgcctgggacaaggtgatgaacctcgacaggttcgacgtgcgctga
Rv0678,Rv0678,VSVNDGVDQMGAEPDIMEFVEQMGGYFESRSLTRLAGRLLGWLLVCDPERQSSEELATALAASSGGISTNARMLIQFGFIERLAVAGDRRTYFRLRPNAFAAGERERIRAMAELQDLADVGLRALGDAPPQRSRRLREMRDLLAYMENVVSDALGRYSQRTGEDD,gtgagcgtcaacgacggggtcgatcagatgggcgccgagcccgacatcatggaattcgtcgaacagatgggcggctatttcgagtccaggagtttgactcggttggcgggtcgattgttgggctggctgctggtgtgtgatcccgagcggcagtcctcggaggaactggcgacggcgctggcggccagcagcggggggatcagcaccaatgcccggatgctgatccaatttgggttcattgagcggctcgcggtcgccggggatcggcgcacctatttccggttgcggcccaacgctttcgcggctggcgagcgtgaacgcatccgggcaatggccgaactgcaggacctggctgacgtggggctgagggcgctgggcgacgccccgccgcagcgaagccgacggctgcgggagatgcgggatctgttggcatatatggagaacgtcgtctccgacgccctggggcgatacagccagcgaaccggagaggacgactga
Rv2535c,pepQ,VTHSQRRDKLKAQIAASGLDAMLISDLINVRYLSGFSGSNGALLVFADERDAVLATDGRYRTQAASQAPDLEVAIERAVGRYLAGRAGEAGVGKLGFESHVVTVDGLDALAGALEGKNTELVRASGTVESLREVKDAGELALLRLACEAADAALTDLVARGGLRPGRTERQVSRELEALMLDHGADAVSFETIVAAGANSAIPHHRPTDAVLQVGDFVKIDFGALVAGYHSDMTRTFVLGKAADWQLEIYQLVAEAQQAGRQALLPGAELRGVDAAARQLIADAGYGEHFGHGLGHGVGLQIHEAPGIGVTSAGTLLAGSVVTVEPGVYLPGRGGVRIEDTLVVAGGTPKMPETAGQTPELLTRFPKELAIL,gtgacacattcccagcgtcgagacaagctgaaagcacaaatcgctgcctccgggttggatgcgatgctgatcagcgacctgataaacgtgcgatatctatcaggcttcagcgggtccaacggcgcattgctggtgttcgccgatgagcgcgatgccgtgttggccaccgacggccggtaccgcactcaggccgcctcgcaagcgcccgacctcgaagtggctatcgagcgcgcggtcgggcgctacctggccggccgggccggcgaggccggcgtgggaaagctgggcttcgagagccacgtggtcacggtggacggcctggacgccttggcgggcgcgctggagggcaagaacaccgagttggtgcgggcatccggaactgtggagtcactgcgcgaggttaaagacgccggcgagctggcgctgctgcgactagcctgcgaagcagccgatgccgcgctgaccgacttggtggcccgcggcggcctgcggccgggccgaaccgaacggcaggtgagccgcgagctggaggccctgatgctcgatcatggcgctgacgcggtgtcattcgagacgatcgtggctgccggggccaattcggcgatcccgcaccaccggccgaccgacgcggtgctgcaggtcggcgatttcgtgaagatcgacttcggcgccctggtcgccgggtaccactccgatatgacccgcaccttcgtgttgggcaaggccgccgactggcagctagagatctatcagctggtggccgaggcgcaacaggccggtcggcaggcgttgctgccgggtgccgagctgcggggggtggacgctgcagcgcgccagctgatcgccgacgccggctacggcgagcacttcggtcacggactgggacacggtgttggcctgcagatacatgaagcgccgggcatcggggtcacatccgccggtacactactggcgggctccgtggtgaccgtggagcccggtgtctatttacccggccgcggcggtgtccgcatcgaggacacattggtagtggctggcgggacgccgaaaatgcctgaaaccgccgggcagaccccggaattgttgacccggttccccaaagaactggccattctgtag
Rv3547,ddn,MPKSPPRFLNSPLSDFFIKWMSRINTWMYRRNDGEGLGGTFQKIPVALLTTTGRKTGQPRVNPLYFLRDGGRVIVAASKGGAEKNPMWYLNLKANPKVQVQIKKEVLDLTARDATDEERAEYWPQLVTMYPSYQDYQSWTDRTIPIVVCEP,atgccgaaatcaccgccgcggtttctgaattcgccgctcagcgacttctttatcaagtggatgtcacggattaatacctggatgtaccgccgcaacgacggggagggtctgggcggcaccttccagaagattccggtcgcgctgctgaccaccaccggccgcaagaccggccagccgcgggtcaacccgctctacttcctgcgcgacggtgggcgggtcattgtcgcggcctccaagggcggcgcggagaagaacccgatgtggtacctcaacctcaaggccaaccccaaggttcaggtacagatcaaaaaggaagtgctggaccttaccgcgcgggacgcgaccgacgaggagcgcgccgaatattggccacagttggtcacgatgtacccaagttatcaggactaccagtcctggaccgaccgcacgatcccgatcgtggtttgcgaaccctga
Rv0006,gyrA,MTDTTLPPDDSLDRIEPVDIEQEMQRSYIDYAMSVIVGRALPEVRDGLKPVHRRVLYAMFDSGFRPDRSHAKSARSVAETMGNYHPHGDASIYDSLVRMAQPWSLRYPLVDGQGNFGSPGNDPPAAMRYTEARLTPLAMEMLREIDEETVDFIPNYDGRVQEPTVLPSRFPNLLANGSGGIAVGMATNIPPHNLRELADAVFWALENHDADEEETLAAVMGRVKGPDFPTAGLIVGSQGTADAYKTGRGSIRMRGVVEVEEDSRGRTSLVITELPYQVNHDNFITSIAEQVRDGKLAGISNIEDQSSDRVGLRIVIEIKRDAVAKVVINNLYKHTQLQTSFGANMLAIVDGVPRTLRLDQLIRYYVDHQLDVIVRRTTYRLRKANERAHILRGLVKALDALDEVIALIRASETVDIARAGLIELLDIDEIQAQAILDMQLRRLAALERQRIIDDLAKIEAEIADLEDILAKPERQRGIVRDELAEIVDRHGDDRRTRIIAADGDVSDEDLIAREDVVVTITETGYAKRTKTDLYRSQKRGGKGVQGAGLKQDDIVAHFFVCSTHDLILFFTTQGRVYRAKAYDLPEASRTARGQHVANLLAFQPEERIAQVIQIRGYTDAPYLVLATRNGLVKKSKLTDFDSNRSGGIVAVNLRDNDELVGAVLCSAGDDLLLVSANGQSIRFSATDEALRPMGRATSGVQGMRFNIDDRLLSLNVVREGTYLLVATSGGYAKRTAIEEYPVQGRGGKGVLTVMYDRRRGRLVGALIVDDDSELYAVTSGGGVIRTAARQVRKAGRQTKGVRLMNLGEGDTLLAIARNAEESGDDNAVDANGADQTGN,atgacagacacgacgttgccgcctgacgactcgctcgaccggatcgaaccggttgacatcgagcaggagatgcagcgcagctacatcgactatgcgatgagcgtgatcgtcggccgcgcgctgccggaggtgcgcgacgggctcaagcccgtgcatcgccgggtgctctatgcaatgttcgattccggcttccgcccggaccgcagccacgccaagtcggcccggtcggttgccgagaccatgggcaactaccacccgcacggcgacgcgtcgatctacgacagcctggtgcgcatggcccagccctggtcgctgcgctacccgctggtggacggccagggcaacttcggctcgccaggcaatgacccaccggcggcgatgaggtacaccgaagcccggctgaccccgttggcgatggagatgctgagggaaatcgacgaggagacagtcgatttcatccctaactacgacggccgggtgcaagagccgacggtgctacccagccggttccccaacctgctggccaacgggtcaggcggcatcgcggtcggcatggcaaccaatatcccgccgcacaacctgcgtgagctggccgacgcggtgttctgggcgctggagaatcacgacgccgacgaagaggagaccctggccgcggtcatggggcgggttaaaggcccggacttcccgaccgccggactgatcgtcggatcccagggcaccgctgatgcctacaaaactggccgcggctccattcgaatgcgcggagttgttgaggtagaagaggattcccgcggtcgtacctcgctggtgatcaccgagttgccgtatcaggtcaaccacgacaacttcatcacttcgatcgccgaacaggtccgagacggcaagctggccggcatttccaacattgaggaccagtctagcgatcgggtcggtttacgcatcgtcatcgagatcaagcgcgatgcggtggccaaggtggtgatcaataacctttacaagcacacccagctgcagaccagctttggcgccaacatgctagcgatcgtcgacggggtgccgcgcacgctgcggctggaccagctgatccgctattacgttgaccaccaactcgacgtcattgtgcggcgcaccacctaccggctgcgcaaggcaaacgagcgagcccacattctgcgcggcctggttaaagcgctcgacgcgctggacgaggtcattgcactgatccgggcgtcggagaccgtcgatatcgcccgggccggactgatcgagctgctcgacatcgacgagatccaggcccaggcaatcctggacatgcagttgcggcgcctggccgcactggaacgccagcgcatcatcgacgacctggccaaaatcgaggccgagatcgccgatctggaagacatcctggcaaaacccgagcggcagcgtgggatcgtgcgcgacgaactcgccgaaatcgtggacaggcacggcgacgaccggcgtacccggatcatcgcggccgacggagacgtcagcgacgaggatttgatcgcccgcgaggacgtcgttgtcactatcaccgaaacgggatacgccaagcgcaccaagaccgatctgtatcgcagccagaaacgcggcggcaagggcgtgcagggtgcggggttgaagcaggacgacatcgtcgcgcacttcttcgtgtgctccacccacgatttgatcctgttcttcaccacccagggacgggtttatcgggccaaggcctacgacttgcccgaggcctcccggacggcgcgcgggcagcacgtggccaacctgttagccttccagcccgaggaacgcatcgcccaggtcatccagattcgcggctacaccgacgccccgtacctggtgctggccactcgcaacgggctggtgaaaaagtccaagctgaccgacttcgactccaatcgctcgggcggaatcgtggcggtcaacctgcgcgacaacgacgagctggtcggtgcggtgctgtgttcggccggcgacgacctgctgctggtctcggccaacgggcagtccatcaggttctcggcgaccgacgaggcgctgcggccaatgggtcgtgccacctcgggtgtgcagggcatgcggttcaatatcgacgaccggctgctgtcgctgaacgtcgtgcgtgaaggcacctatctgctggtggcgacgtcagggggctatgcgaaacgtaccgcgatcgaggaatacccggtacagggccgcggcggtaaaggtgtgctgacggtcatgtacgaccgccggcgcggcaggttggttggggcgttgattgtcgacgacgacagcgagctgtatgccgtcacttccggcggtggcgtgatccgcaccgcggcacgccaggttcgcaaggcgggacggcagaccaagggtgttcggttgatgaatctgggcgagggcgacacactgttggccatcgcgcgcaacgccgaagaaagtggcgacgataatgccgtggacgccaacggcgcagaccagacgggcaattaa
Rv0005,gyrB,VAAQKKKAQDEYGAASITILEGLEAVRKRPGMYIGSTGERGLHHLIWEVVDNAVDEAMAGYATTVNVVLLEDGGVEVADDGRGIPVATHASGIPTVDVVMTQLHAGGKFDSDAYAISGGLHGVGVSVVNALSTRLEVEIKRDGYEWSQVYEKSEPLGLKQGAPTKKTGSTVRFWADPAVFETTEYDFETVARRLQEMAFLNKGLTINLTDERVTQDEVVDEVVSDVAEAPKSASERAAESTAPHKVKSRTFHYPGGLVDFVKHINRTKNAIHSSIVDFSGKGTGHEVEIAMQWNAGYSESVHTFANTINTHEGGTHEEGFRSALTSVVNKYAKDRKLLKDKDPNLTGDDIREGLAAVISVKVSEPQFEGQTKTKLGNTEVKSFVQKVCNEQLTHWFEANPTDAKVVVNKAVSSAQARIAARKARELVRRKSATDIGGLPGKLADCRSTDPRKSELYVVEGDSAGGSAKSGRDSMFQAILPLRGKIINVEKARIDRVLKNTEVQAIITALGTGIHDEFDIGKLRYHKIVLMADADVDGQHISTLLLTLLFRFMRPLIENGHVFLAQPPLYKLKWQRSDPEFAYSDRERDGLLEAGLKAGKKINKEDGIQRYKGLGEMDAKELWETTMDPSVRVLRQVTLDDAAAADELFSILMGEDVDARRSFITRNAKDVRFLDV,gtggctgcccagaaaaagaaggcccaagacgaatacggcgctgcgtctatcaccattctcgaagggctggaggccgtccgcaaacgtcccggcatgtacattggctcgaccggtgagcgcggtttacaccatctcatttgggaggtggtcgacaacgcggtcgacgaggcgatggccggttatgcaaccacagtgaacgtagtgctgcttgaggatggcggtgtcgaggtcgccgacgacggccgcggcattccggtcgccacccacgcctccggcataccgaccgtcgacgtggtgatgacacaactacatgccggcggcaagttcgactcggacgcgtatgcgatatctggtggtctgcacggcgtcggcgtgtcggtggttaacgcgctatccacccggctcgaagtcgagatcaagcgcgacgggtacgagtggtctcaggtttatgagaagtcggaacccctgggcctcaagcaaggggcgccgaccaagaagacggggtcaacggtgcggttctgggccgaccccgctgttttcgaaaccacggaatacgacttcgaaaccgtcgcccgccggctgcaagagatggcgttcctcaacaaggggctgaccatcaacctgaccgacgagagggtgacccaagacgaggtcgtcgacgaagtggtcagcgacgtcgccgaggcgccgaagtcggcaagtgaacgcgcagccgaatccactgcaccgcacaaagttaagagccgcacctttcactatccgggtggcctggtggacttcgtgaaacacatcaaccgcaccaagaacgcgattcatagcagcatcgtggacttttccggcaagggcaccgggcacgaggtggagatcgcgatgcaatggaacgccgggtattcggagtcggtgcacaccttcgccaacaccatcaacacccacgagggcggcacccacgaagagggcttccgcagcgcgctgacgtcggtggtgaacaagtacgccaaggaccgcaagctactgaaggacaaggaccccaacctcaccggtgacgatatccgggaaggcctggccgctgtgatctcggtgaaggtcagcgaaccgcagttcgagggccagaccaagaccaagttgggcaacaccgaggtcaaatcgtttgtgcagaaggtctgtaacgaacagctgacccactggtttgaagccaaccccaccgacgcgaaagtcgttgtgaacaaggctgtgtcctcggcgcaagcccgtatcgcggcacgtaaggcacgagagttggtgcggcgtaagagcgccaccgacatcggtggattgcccggcaagctggccgattgccgttccacggatccgcgcaagtccgaactgtatgtcgtagaaggtgactcggccggcggttctgcaaaaagcggtcgcgattcgatgttccaggcgatacttccgctgcgcggcaagatcatcaatgtggagaaagcgcgcatcgaccgggtgctaaagaacaccgaagttcaggcgatcatcacggcgctgggcaccgggatccacgacgagttcgatatcggcaagctgcgctaccacaagatcgtgctgatggccgacgccgatgttgacggccaacatatttccacgctgttgttgacgttgttgttccggttcatgcggccgctcatcgagaacgggcatgtgtttttggcacaaccgccgctgtacaaactcaagtggcagcgcagtgacccggaattcgcatactccgaccgcgagcgcgacggtctgctggaggcggggctgaaggccgggaagaagatcaacaaggaagacggcattcagcggtacaagggtctaggtgaaatggacgctaaggagttgtgggagaccaccatggatccctcggttcgtgtgttgcgtcaagtgacgctggacgacgccgccgccgccgacgagttgttctccatcctgatgggcgaggacgtcgacgcgcggcgcagctttatcacccgcaacgccaaggatgttcggttcctggatgtctaa
Rv3854c,ethA,MTEHLDVVIVGAGISGVSAAWHLQDRCPTKSYAILEKRESMGGTWDLFRYPGIRSDSDMYTLGFRFRPWTGRQAIADGKPILEYVKSTAAMYGIDRHIRFHHKVISADWSTAENRWTVHIQSHGTLSALTCEFLFLCSGYYNYDEGYSPRFAGSEDFVGPIIHPQHWPEDLDYDAKNIVVIGSGATAVTLVPALADSGAKHVTMLQRSPTYIVSQPDRDGIAEKLNRWLPETMAYTAVRWKNVLRQAAVYSACQKWPRRMRKMFLSLIQRQLPEGYDVRKHFGPHYNPWDQRLCLVPNGDLFRAIRHGKVEVVTDTIERFTATGIRLNSGRELPADIIITATGLNLQLFGGATATIDGQQVDITTTMAYKGMMLSGIPNMAYTVGYTNASWTLKADLVSEFVCRLLNYMDDNGFDTVVVERPGSDVEERPFMEFTPGYVLRSLDELPKQGSRTPWRLNQNYLRDIRLIRRGKIDDEGLRFAKRPAPVGV,atgaccgagcacctcgacgttgtcatcgtgggcgctggaatctccggtgtcagcgcggcctggcacctgcaggaccgttgcccgaccaagagctacgccatcctggaaaagcgggaatccatgggcggcacctgggatttgttccgttatcccggaattcgctccgactccgacatgtacacgctaggtttccgattccgtccctggaccggacggcaggcgatcgccgacggcaagcccatcctcgagtacgtcaagagcaccgcggccatgtatggaatcgacaggcatatccggttccaccacaaggtgatcagtgccgattggtcgaccgcggaaaaccgctggaccgttcacatccaaagccacggcacgctcagcgccctcacctgcgaattcctctttctgtgcagcggctactacaactacgacgagggctactcgccgagattcgccggctcggaggatttcgtcgggccgatcatccatccgcagcactggcccgaggacctcgactacgacgctaagaacatcgtcgtgatcggcagtggcgcaacggcggtcacgctcgtgccggcgctggcggactcgggcgccaagcacgtcacgatgctgcagcgctcacccacctacatcgtgtcgcagccagaccgggacggcatcgccgagaagctcaaccgctggctgccggagaccatggcctacaccgcggtacggtggaagaacgtgctgcgccaggcggccgtgtacagcgcctgccagaagtggccacggcgcatgcggaagatgttcctgagcctgatccagcgccagctacccgaggggtacgacgtgcgaaagcacttcggcccgcactacaacccctgggaccagcgattgtgcttggtgcccaacggcgacctgttccgggccattcgtcacgggaaggtcgaggtggtgaccgacaccattgaacggttcaccgcgaccggaatccggctgaactcaggtcgcgaactgccggctgacatcatcattaccgcaacggggttgaacctgcagctttttggtggggcgacggcgactatcgacggacaacaagtggacatcaccacgacgatggcctacaagggcatgatgctttccggcatccccaacatggcctacacggttggctacaccaatgcctcctggacgctgaaggccgacctggtgtcggagtttgtctgtcgcttgttgaattacatggacgacaacggttttgacaccgtggtcgtcgagcgaccgggctcagatgtcgaagagcggcccttcatggagttcaccccaggttacgtgctgcgctcgctggacgagctgcccaagcagggttcgcgtacaccgtggcgcctgaatcagaactacctacgtgacatccggctcatccggcgcggcaagatcgacgacgagggtctgcggttcgccaaaaggcctgccccggtgggggtttag
Rv3855,ethR,VTTSAASQASLPRGRRTARPSGDDRELAILATAENLLEDRPLADISVDDLAKGAGISRPTFYFYFPSKEAVLLTLLDRVVNQADMALQTLAENPADTDRENMWRTGINVFFETFGSHKAVTRAGQAARATSVEVAELWSTFMQKWIAYTAAVIDAERDRGAAPRTLPAHELATALNLMNERTLFASFAGEQPSVPEARVLDTLVHIWVTSIYGENR,gtgaccacctccgcggccagtcaggcttcgctgcctaggggccggcgcaccgcgcggccgtccggcgacgatcgtgaactggcgatcctcgccaccgccgagaaccttctcgaggaccgtccgctggccgatatctcggtcgacgatctggccaagggcgccggtatctcgaggccgacgttctacttctatttcccatccaaggaagcggtgctgctgaccctgctggaccgggtggtcaatcaagccgacatggccctacagacccttgccgagaatcccgccgacaccgaccgcgagaacatgtggcgcaccgggatcaacgtgttcttcgagacattcgggtcgcacaaggcggtaacccgagccggtcaggccgccagggcaaccagtgtcgaagtcgccgaactgtggtcgacgtttatgcagaagtggatcgcctacacggccgccgtgatcgacgccgaacgcgaccgaggcgcggcgccgcgcaccctgccggcccatgaactggccacagcgctcaacctgatgaacgagcggacgctgttcgcgtcattcgccggcgaacagccctcggtgccggaagcccgcgtgctggatacgctggtgcacatctgggtgaccagcatttacggcgagaaccgctaa
Rv3795,embB,MTQCASRRKSTPNRAILGAFASARGTRWVATIAGLIGFVLSVATPLLPVVQTTAMLDWPQRGQLGSVTAPLISLTPVDFTATVPCDVVRAMPPAGGVVLGTAPKQGKDANLQALFVVVSAQRVDVTDRNVVILSVPREQVTSPQCQRIEVTSTHAGTFANFVGLKDPSGAPLRSGFPDPNLRPQIVGVFTDLTGPAPPGLAVSATIDTRFSTRPTTLKLLAIIGAIVATVVALIALWRLDQLDGRGSIAQLLLRPFRPASSPGGMRRLIPASWRTFTLTDAVVIFGFLLWHVIGANSSDDGYILGMARVADHAGYMSNYFRWFGSPEDPFGWYYNLLALMTHVSDASLWMRLPDLAAGLVCWLLLSREVLPRLGPAVEASKPAYWAAAMVLLTAWMPFNNGLRPEGIIALGSLVTYVLIERSMRYSRLTPAALAVVTAAFTLGVQPTGLIAVAALVAGGRPMLRILVRRHRLVGTLPLVSPMLAAGTVILTVVFADQTLSTVLEATRVRAKIGPSQAWYTENLRYYYLILPTVDGSLSRRFGFLITALCLFTAVFIMLRRKRIPSVARGPAWRLMGVIFGTMFFLMFTPTKWVHHFGLFAAVGAAMAALTTVLVSPSVLRWSRNRMAFLAALFFLLALCWATTNGWWYVSSYGVPFNSAMPKIDGITVSTIFFALFAIAAGYAAWLHFAPRGAGEGRLIRALTTAPVPIVAGFMAAVFVASMVAGIVRQYPTYSNGWSNVRAFVGGCGLADDVLVEPDTNAGFMKPLDGDSGSWGPLGPLGGVNPVGFTPNGVPEHTVAEAIVMKPNQPGTDYDWDAPTKLTSPGINGSTVPLPYGLDPARVPLAGTYTTGAQQQSTLVSAWYLLPKPDDGHPLVVVTAAGKIAGNSVLHGYTPGQTVVLEYAMPGPGALVPAGRMVPDDLYGEQPKAWRNLRFARAKMPADAVAVRVVAEDLSLTPEDWIAVTPPRVPDLRSLQEYVGSTQPVLLDWAVGLAFPCQQPMLHANGIAEIPKFRITPDYSAKKLDTDTWEDGTNGGLLGITDLLLRAHVMATYLSRDWARDWGSLRKFDTLVDAPPAQLELGTATRSGLWSPGKIRIGP,atgacacagtgcgcgagcagacgcaaaagcaccccaaatcgggcgattttgggggcttttgcgtctgctcgcgggacgcgctgggtggccaccatcgccgggctgattggctttgtgttgtcggtggcgacgccgctgctgcccgtcgtgcagaccaccgcgatgctcgactggccacagcgggggcaactgggcagcgtgaccgccccgctgatctcgctgacgccggtcgactttaccgccaccgtgccgtgcgacgtggtgcgcgccatgccacccgcgggcggggtggtgctgggcaccgcacccaagcaaggcaaggacgccaatttgcaggcgttgttcgtcgtcgtcagcgcccagcgcgtggacgtcaccgaccgcaacgtggtgatcttgtccgtgccgcgcgagcaggtgacgtccccgcagtgtcaacgcatcgaggtcacctctacccacgccggcaccttcgccaacttcgtcgggctcaaggacccgtcgggcgcgccgctgcgcagcggcttccccgaccccaacctgcgcccgcagattgtcggggtgttcaccgacctgaccgggcccgcgccgcccgggctggcggtctcggcgaccatcgacacccggttctccacccggccgaccacgctgaaactgctggcgatcatcggggcgatcgtggccaccgtcgtcgcactgatcgcgttgtggcgcctggaccagttggacgggcggggctcaattgcccagctcctcctcaggccgttccggcctgcatcgtcgccgggcggcatgcgccggctgattccggcaagctggcgcaccttcaccctgaccgacgccgtggtgatattcggcttcctgctctggcatgtcatcggcgcgaattcgtcggacgacggctacatcctgggcatggcccgagtcgccgaccacgccggctacatgtccaactatttccgctggttcggcagcccggaggatcccttcggctggtattacaacctgctggcgctgatgacccatgtcagcgacgccagtctgtggatgcgcctgccagacctggccgccgggctagtgtgctggctgctgctgtcgcgtgaggtgctgccccgcctcgggccggcggtggaggccagcaaacccgcctactgggcggcggccatggtcttgctgaccgcgtggatgccgttcaacaacggcctgcggccggagggcatcatcgcgctcggctcgctggtcacctatgtgctgatcgagcggtccatgcggtacagccggctcacaccggcggcgctggccgtcgttaccgccgcattcacactgggtgtgcagcccaccggcctgatcgcggtggccgcgctggtggccggcggccgcccgatgctgcggatcttggtgcgccgtcatcgcctggtcggcacgttgccgttggtgtcgccgatgctggccgccggcaccgtcatcctgaccgtggtgttcgccgaccagaccctgtcaacggtgttggaagccaccagggttcgcgccaaaatcgggccgagccaggcgtggtataccgagaacctgcgttactactacctcatcctgcccaccgtcgacggttcgctgtcgcggcgcttcggctttttgatcaccgcgctatgcctgttcaccgcggtgttcatcatgttgcggcgcaagcgaattcccagcgtggcccgcggaccggcgtggcggctgatgggcgtcatcttcggcaccatgttcttcctgatgttcacgcccaccaagtgggtgcaccacttcgggctgttcgccgccgtaggggcggcgatggccgcgctgacgacggtgttggtatccccatcggtgctgcgctggtcgcgcaaccggatggcgttcctggcggcgttattcttcctgctggcgttgtgttgggccaccaccaacggctggtggtatgtctccagctacggtgtgccgttcaacagcgcgatgccgaagatcgacgggatcacagtcagcacaatctttttcgccctgtttgcgatcgccgccggctatgcggcctggctgcacttcgcgccccgcggcgccggcgaagggcggctgatccgcgcgctgacgacagccccggtaccgatcgtggccggtttcatggcggcggtgttcgtcgcgtccatggtggccgggatcgtgcgacagtacccgacctactccaacggctggtccaacgtgcgggcgtttgtcggcggctgcggactggccgacgacgtactcgtcgagcctgataccaatgcgggtttcatgaagccgctggacggcgattcgggttcttggggccccttgggcccgctgggtggagtcaacccggtcggcttcacgcccaacggcgtaccggaacacacggtggccgaggcgatcgtgatgaaacccaaccagcccggcaccgactacgactgggatgcgccgaccaagctgacgagtcctggcatcaatggttctacggtgccgctgccctatgggctcgatcccgcccgggtaccgttggcaggcacctacaccaccggcgcacagcaacagagcacactcgtctcggcgtggtatctcctgcctaagccggacgacgggcatccgctggtcgtggtgaccgccgcgggcaagatcgccggcaacagcgtgctgcacgggtacacccccgggcagactgtggtgctcgaatacgccatgccgggacccggagcgctggtacccgccgggcggatggtgcccgacgacctatacggagagcagcccaaggcgtggcgcaacctgcgcttcgcccgagcaaagatgcccgccgatgccgtcgcggtccgggtggtggccgaggatctgtcgctgacaccggaggactggatcgcggtgaccccgccgcgggtaccggacctgcgctcactgcaggaatatgtgggctcgacgcagccggtgctgctggactgggcggtcggtttggccttcccgtgccagcagccgatgctgcacgccaatggcatcgccgaaatcccgaagttccgcatcacaccggactactcggctaagaagctggacaccgacacgtgggaagacggcactaacggcggcctgctcgggatcaccgacctgttgctgcgggcccacgtcatggccacctacctgtcccgcgactgggcccgcgattggggttccctgcgcaagttcgacaccctggtcgatgcccctcccgcccagctcgagttgggcaccgcgacccgcagcggcctgtggtcaccgggcaagatccgaattggtccatag
Rv3794,embA,VPHDGNERSHRIARLAAVVSGIAGLLLCGIVPLLPVNQTTATIFWPQGSTADGNITQITAPLVSGAPRALDISIPCSAIATLPANGGLVLSTLPAGGVDTGKAGLFVRANQDTVVVAFRDSVAAVAARSTIAAGGCSALHIWADTGGAGADFMGIPGGAGTLPPEKKPQVGGIFTDLKVGAQPGLSARVDIDTRFITTPGALKKAVMLLGVLAVLVAMVGLAALDRLSRGRTLRDWLTRYRPRVRVGFASRLADAAVIATLLLWHVIGATSSDDGYLLTVARVAPKAGYVANYYRYFGTTEAPFDWYTSVLAQLAAVSTAGVWMRLPATLAGIACWLIVSRFVLRRLGPGPGGLASNRVAVFTAGAVFLSAWLPFNNGLRPEPLIALGVLVTWVLVERSIALGRLAPAAVAIIVATLTATLAPQGLIALAPLLTGARAIAQRIRRRRATDGLLAPLAVLAAALSLITVVVFRDQTLATVAESARIKYKVGPTIAWYQDFLRYYFLTVESNVEGSMSRRFAVLVLLFCLFGVLFVLLRRGRVAGLASGPAWRLIGTTAVGLLLLTFTPTKWAVQFGAFAGLAGVLGAVTAFTFARIGLHSRRNLTLYVTALLFVLAWATSGINGWFYVGNYGVPWYDIQPVIASHPVTSMFLTLSILTGLLAAWYHFRMDYAGHTEVKDNRRNRILASTPLLVVAVIMVAGEVGSMAKAAVFRYPLYTTAKANLTALSTGLSSCAMADDVLAEPDPNAGMLQPVPGQAFGPDGPLGGISPVGFKPEGVGEDLKSDPVVSKPGLVNSDASPNKPNAAITDSAGTAGGKGPVGINGSHAALPFGLDPARTPVMGSYGENNLAATATSAWYQLPPRSPDRPLVVVSAAGAIWSYKEDGDFIYGQSLKLQWGVTGPDGRIQPLGQVFPIDIGPQPAWRNLRFPLAWAPPEADVARIVAYDPNLSPEQWFAFTPPRVPVLESLQRLIGSATPVLMDIATAANFPCQRPFSEHLGIAELPQYRILPDHKQTAASSNLWQSSSTGGPFLFTQALLRTSTIATYLRGDWYRDWGSVEQYHRLVPADQAPDAVVEEGVITVPGWGRPGPIRALP,gtgccccacgacggtaatgagcgatctcaccggatcgcacgcctagcagccgtcgtctcgggaatcgcgggtctgctgctgtgcggcatcgttccgctgcttccggtgaaccaaaccaccgcgaccatcttctggccgcagggcagcaccgccgacggcaacatcacccagatcaccgcccctctggtatccggggcgccacgcgcgctggacatctcgatcccctgctcggccatcgccacgctgcccgccaacggcggcctggtgctgtccacactgccggccggtggcgtggataccggtaaggccgggctgttcgtccgcgccaaccaggacacggtcgtcgtggcgttccgcgactcggtggccgcggtggcggcccgctccacgatcgcagcgggaggctgtagcgcgctgcatatctgggccgataccggcggcgcgggcgctgattttatgggtatacccggcggcgccgggaccctgccgccggagaagaagccacaggttggcggcatcttcaccgacctgaaggtcggagcgcagcccgggctgtcggcccgcgtcgacatcgacactcggtttatcacgacgcccggcgcgctcaagaaggccgtgatgctcctcggcgtgctggcggtcctggtagccatggtggggctggccgcgctggaccggctcagcaggggccgcaccctgcgcgactggctgacccgatatcgcccgcgggtgcgggtcggattcgccagccggctcgctgacgcagcggtgatcgcgaccttgttgctctggcatgtcatcggcgccacctcgtccgatgacggctaccttctgaccgtcgcccgggtcgccccgaaggccggctatgtagccaactactaccggtatttcggcacgacggaggcgccgttcgactggtatacatcggtgcttgcccagctggcggcggtgagcaccgccggcgtctggatgcgcctgcccgccaccctggccggaatcgcctgctggctgatcgtcagccgtttcgtgctgcggcggctgggaccgggcccgggcgggctggcgtccaaccgggtcgctgtgttcaccgctggtgcggtgttcctgtccgcctggctgccgttcaacaacggcctgcgtcccgagccgctgatcgcgctgggtgtgctggtcacgtgggtgttggtggaacggtcgatcgcgctcggacggctggccccggccgcggtagccatcatcgtggcgacgcttaccgcgacgctggcaccgcaggggttgatcgcgctggccccgctgctgactggtgcgcgcgccatcgcccagaggatccggcgccgccgggcgaccgatggactgctggcgccgctggcggtgctggccgcggcgttgtcgctgatcaccgtggtggtgtttcgggaccagacgctggccacggtggccgaatcggcacgcatcaagtacaaggtcggcccgaccatcgcctggtaccaggacttcctgcgctactacttccttaccgtggagagcaacgttgaggggtcgatgtcccgccggttcgcggtgctggtgttgctgttctgcctgttcggggtgctgttcgtgctgctgcggcgcggccgggtggcggggctggccagcggcccggcctggcgactgatcggcactacggcggtcggcctgctgctgctcacgttcacgccaaccaagtgggccgtgcagttcggcgcattcgccgggctggccggggtgttgggtgcggtcaccgcgttcacctttgcccgcatcggtctacatagtcgacgcaacctcacgctgtacgtgaccgcgttgctgttcgtgctggcgtgggcaacctcgggcatcaacgggtggttctacgtcggcaactacggggtgccgtggtatgacatccagcccgtcatcgccagccacccggtgacgtcgatgtttctgacgctgtcgatcctcaccggattgctggcagcctggtatcacttccggatggactacgccgggcacaccgaagtcaaagacaaccggcgcaaccgcatcttggcctctacgccactgctggtggtcgcggtgatcatggtcgcaggcgaagtcggctcgatggccaaggccgcggtgttccgttacccgctttacaccaccgccaaggccaacctgaccgcgctcagcaccgggctgtccagctgtgcgatggccgacgacgtgctggccgagcccgaccccaatgccggcatgctgcaaccggttccgggccaggcgttcggaccggacggaccgctgggcggtatcagtcccgtcggcttcaaacccgagggcgtgggcgaggacctcaagtccgacccggtggtctccaaacccgggctggtcaactccgatgcgtcgcccaacaaacccaacgccgccatcaccgactccgcgggcaccgccggagggaagggcccggtcgggatcaacgggtcgcacgcggcgctgccgttcggattggacccggcacgtaccccggtgatgggcagctacggggagaacaacctggccgccacggccacctcggcctggtaccagttaccgccccgcagcccggaccggccgctggtggtggtttccgcggccggcgccatctggtcctacaaggaggacggcgatttcatctacggccagtccctgaaactgcagtggggcgtcaccggcccggacggccgcatccagccactggggcaggtatttccgatcgacatcggaccgcaacccgcgtggcgcaatctgcggtttccgctggcctgggcgccgccggaggccgacgtggcgcgcattgtcgcctatgacccgaacctgagccctgagcaatggttcgccttcaccccgccccgggttccggtgctggaatctctgcagcggttgatcgggtcagcgacaccggtgttgatggacatcgcgaccgcagccaacttcccctgccagcgaccgttttccgagcatctcggcattgccgagcttccgcagtaccggatcctgccggaccacaagcagacggcggcgtcgtcgaacctatggcagtccagctcgaccggcggtccgttcctgttcacccaggcgctgctgcgcacctcgacgatcgccacgtacctgcgtggggactggtatcgcgactggggatcggtggagcagtaccaccggctggtgccggccgatcaggctccagacgccgttgtcgaggagggcgtgatcactgtgcccggctggggtcggccaggaccgatcagggcgctgccatga
Rv3793,embC,MATEAAPPRIAVRLPSTSVRDAGANYRIARYVAVVAGLLGAVLAIATPLLPVNQTTAQLNWPQNGTFASVEAPLIGYVATDLNITVPCQAAAGLAGSQNTGKTVLLSTVPKQAPKAVDRGLLLQRANDDLVLVVRNVPLVTAPLSQVLGPTCQRLTFTAHADRVAAEFVGLVQGPNAEHPGAPLRGERSGYDFRPQIVGVFTDLAGPAPPGLSFSASVDTRYSSSPTPLKMAAMILGVALTGAALVALHILDTADGMRHRRFLPARWWSTGGLDTLVIAVLVWWHFVGANTSDDGYILTMARVSEHAGYMANYYRWFGTPEAPFGWYYDLLALWAHVSTASIWMRLPTLAMALTCWWVISREVIPRLGHAVKTSRAAAWTAAGMFLAVWLPLDNGLRPEPIIALGILLTWCSVERAVATSRLLPVAIACIIGALTLFSGPTGIASIGALLVAIGPLRTILHRRSRRFGVLPLVAPILAAATVTAIPIFRDQTFAGEIQANLLKRAVGPSLKWFDEHIRYERLFMASPDGSIARRFAVLALVLALAVSVAMSLRKGRIPGTAAGPSRRIIGITIISFLAMMFTPTKWTHHFGVFAGLAGSLGALAAVAVTGAAMRSRRNRTVFAAVVVFVLALSFASVNGWWYVSNFGVPWSNSFPKWRWSLTTALLELTVLVLLLAAWFHFVANGDGRRTARPTRFRARLAGIVQSPLAIATWLLVLFEVVSLTQAMISQYPAWSVGRSNLQALAGKTCGLAEDVLVELDPNAGMLAPVTAPLADALGAGLSEAFTPNGIPADVTADPVMERPGDRSFLNDDGLITGSEPGTEGGTTAAPGINGSRARLPYNLDPARTPVLGSWRAGVQVPAMLRSGWYRLPTNEQRDRAPLLVVTAAGRFDSREVRLQWATDEQAAAGHHGGSMEFADVGAAPAWRNLRAPLSAIPSTATQVRLVADDQDLAPQHWIALTPPRIPRVRTLQNVVGAADPVFLDWLVGLAFPCQRPFGHQYGVDETPKWRILPDRFGAEANSPVMDHNGGGPLGITELLMRATTVASYLKDDWFRDWGALQRLTPYYPDAQPADLNLGTVTRSGLWSPAPLRRG,atggctaccgaagccgccccaccccgtatcgccgtccggctaccatctacctccgtgcgcgacgcgggagcaaactaccggatcgcccggtacgtcgctgtggtggcgggtctgctaggcgctgtgctggccatcgccaccccactgctgccggtcaaccagaccaccgcgcaattgaactggccccaaaacggcacgttcgccagtgtcgaggcaccgctgattggctacgtggccaccgacttgaacatcaccgtcccctgccaggccgccgccggactggccggatcgcagaacaccggcaagacggtgttgttgtcaacggtgcccaagcaggcgcctaaggccgtcgatcgcgggctgctgctgcaacgggccaacgacgacctggtgcttgtggtgcgtaatgtcccgttggtcaccgccccgctgagtcaggtgctcggcccgacctgtcagcggttgacattcaccgcgcacgccgatcgggtcgccgccgaattcgtcggactggtgcagggacccaatgctgagcaccccggtgcaccgctgcgcggtgagcgcagcggctacgacttccgcccgcagatcgtcggggtgttcaccgacctggccgggccggcgccaccgggtctgagcttctcggcgagcgtggatacccgctacagcagcagccccacgccgctgaagatggccgccatgatcctcggggtagcgctcaccggcgccgccctggtggcgctgcacatcctggacaccgccgacggcatgcggcaccggcggttcctgcccgcgcgctggtggtcgaccggcggtctggacaccctggttatcgccgtgctggtgtggtggcatttcgtcggggccaacacctccgacgacggctacatcctgaccatggcccgggtgtccgagcatgcgggctatatggccaactactaccgctggttcggcacacccgaggcgcctttcggctggtactacgacctgctggcgctgtgggctcatgtcagcacggccagtatctggatgcgcctacccaccctggcgatggcgctcacctgctggtgggtaatcagccgtgaggtcattccccggctggggcacgccgtcaagacgagccgggcagcggcgtggacggcggcgggcatgtttctggctgtctggctgccgctggacaacggccttcggcccgagccgatcatcgccctgggcatcctgctgacctggtgctcggtggagcgggcggtggccaccagccggctgctgccggtggcaatcgcctgcatcatcggtgccttgaccctgttctccgggccgacgggcatcgcctcgatcggtgcgctgctggtcgcgatcgggccgctacggaccatcctgcaccggcgttccaggcggttcggcgtgctaccactggtggcgccgatcctggccgcggccaccgtcaccgcgatcccgatctttcgtgatcagaccttcgcgggcgagatccaggccaacctcctcaagcgtgccgtagggcccagcctgaagtggttcgacgaacacatccgctacgagcggctgttcatggccagccccgacggctcgatcgcccgccgcttcgccgtgctggccttggtgctggcgctcgcggtatcggtggcaatgtcgttacgtaagggccgcattccaggtaccgctgctggaccgagccgccgcatcatcggcatcacgatcatttccttcctcgcgatgatgttcaccccgacaaagtggacccatcacttcggggtgttcgcggggttggccgggtcgctgggggcgcttgccgcggtcgcggtgacgggcgctgcgatgcgctcgcggcggaaccggaccgtgttcgccgccgtggtggtcttcgtgttggccctgtcgttcgccagtgtcaacggctggtggtacgtgtccaacttcggtgtgccatggtcgaactcgtttccgaagtggcgatggtcgcttaccaccgcactcctcgagctgacggtgctggtgctgctgctagcggcatggttccacttcgtcgccaacggtgacgggcgccgaacagccaggccaacccggtttagggcacgactagccggaattgtccagtccccgttggcaattgccacgtggttgctggtgcttttcgaggtggtatcgctgacccaggcgatgatttcccagtacccggcgtggtcggttggccggtctaacctacaggctttggccggcaagacctgcgggctggccgaagacgtgctggtggagctggatcccaacgcaggcatgctggcgccggtgaccgcgccgttggccgacgccctgggagccggcctgtctgaagccttcacacccaacggcattcccgccgacgtcaccgccgacccggtgatggaacgtccaggggatcgcagtttcctcaacgacgacgggctgatcaccggcagcgaacccggcaccgaagggggcaccacggccgcaccgggaatcaacggctcccgcgcccggctgccctacaacctggacccggcccgtacaccggtgctgggcagctggcgagccggcgtgcaggtgcccgccatgctgcggtcgggctggtaccggctgcccaccaacgagcagcgggacagggcgccgctgctggtggtgacggcggccgggcgattcgactcccgcgaggtccggttgcagtgggccaccgacgagcaagcggccgccggacaccacggtgggtcgatggaattcgccgacgtcggtgccgcgccggcctggcgcaacctgcgcgcaccactgtccgccatcccgagcaccgccacccaggtccggttggtcgccgacgaccaggatctggcgccgcagcactggatcgccctcacaccaccgcggattccgcgggtgcgcacgctgcagaacgtggtgggcgcagcggatccggtgttcctggactggctggtggggctggcattcccctgccaacgcccgttcggccaccaatacggcgtcgacgagacacccaagtggcggatcctgccggaccggttcggcgccgaagccaactcaccggtgatggatcacaatggcggtggcccgctgggcatcaccgagctgctgatgcgcgcaaccacggtggccagctacctcaaagacgactggtttagggactggggcgcgttacagcggttgacgccttactaccccgacgcccagcccgctgatctgaacctaggaacggtgactcgcagcgggctgtggagtccggcgccgttgcgccgcggctag
Rv1483,fabg1,VTATATEGAKPPFVSRSVLVTGGNRGIGLAIAQRLAADGHKVAVTHRGSGAPKGLFGVECDVTDSDAVDRAFTAVEEHQGPVEVLVSNAGLSADAFLMRMTEEKFEKVINANLTGAFRVAQRASRSMQRNKFGRMIFIGSVSGSWGIGNQANYAASKAGVIGMARSIARELSKANVTANVVAPGYIDTDMTRALDERIQQGALQFIPAKRVGTPAEVAGVVSFLASEDASYISGAVIPVDGGMGMGH,gtgactgccacagccactgaaggggccaaacccccattcgtatcccgttcagtcctggttaccggaggaaaccgggggatcgggctggcgatcgcacagcggctggctgccgacggccacaaggtggccgtcacccaccgtggatccggagcgccaaaggggctgtttggcgtcgaatgtgacgtcaccgacagcgacgccgtcgatcgcgccttcacggcggtagaagagcaccagggtccggtcgaggtgctggtgtccaacgccggcctatccgcggacgcattcctcatgcggatgaccgaggaaaagttcgagaaggtcatcaacgccaacctcaccggggcgttccgggtggctcaacgggcatcgcgcagcatgcagcgcaacaaattcggtcgaatgatattcataggttcggtctccggcagctggggcatcggcaaccaggccaactacgcagcctccaaggccggagtgattggcatggcccgctcgatcgcccgcgagctgtcgaaggcaaacgtgaccgcgaatgtggtggccccgggctacatcgacaccgatatgacccgcgcgctggatgagcggattcagcagggggcgctgcaatttatcccagcgaagcgggtcggcacccccgccgaggtcgccggggtggtcagcttcctggcttccgaggatgcgagctatatctccggtgcggtcatcccggtcgacggcggcatgggtatgggccactga
Rv1484,inhA,MTGLLDGKRILVSGIITDSSIAFHIARVAQEQGAQLVLTGFDRLRLIQRITDRLPAKAPLLELDVQNEEHLASLAGRVTEAIGAGNKLDGVVHSIGFMPQTGMGINPFFDAPYADVSKGIHISAYSYASMAKALLPIMNPGGSIVGMDFDPSRAMPAYNWMTVAKSALESVNRFVAREAGKYGVRSNLVAAGPIRTLAMSAIVGGALGEEAGAQIQLLEEGWDQRAPIGWNMKDATPVAKTVCALLSDWLPATTGDIIYADGGAHTQLL,atgacaggactgctggacggcaaacggattctggttagcggaatcatcaccgactcgtcgatcgcgtttcacatcgcacgggtagcccaggagcagggcgcccagctggtgctcaccgggttcgaccggctgcggctgattcagcgcatcaccgaccggctgccggcaaaggccccgctgctcgaactcgacgtgcaaaacgaggagcacctggccagcttggccggccgggtgaccgaggcgatcggggcgggcaacaagctcgacggggtggtgcattcgattgggttcatgccgcagaccgggatgggcatcaacccgttcttcgacgcgccctacgcggatgtgtccaagggcatccacatctcggcgtattcgtatgcttcgatggccaaggcgctgctgccgatcatgaaccccggaggttccatcgtcggcatggacttcgacccgagccgggcgatgccggcctacaactggatgacggtcgccaagagcgcgttggagtcggtcaacaggttcgtggcgcgcgaggccggcaagtacggtgtgcgttcgaatctcgttgccgcaggccctatccggacgctggcgatgagtgcgatcgtcggcggtgcgctcggcgaggaggccggcgcccagatccagctgctcgaggagggctgggatcagcgcgctccgatcggctggaacatgaaggatgcgacgccggtcgccaagacggtgtgcgcgctgctgtctgactggctgccggcgaccacgggtgacatcatctacgccgacggcggcgcgcacacccaattgctctag
